Date,Transaction ID,Customer ID,Gender,Age,Category,Quantity,Price per Unit,Total Amount,Age Group
2023-11-24,1,CUST001,M,34,Beauty,3,50,150,31-40
2023-02-27,2,CUST002,F,26,Clothing,2,500,1000,21-30
2023-01-13,3,CUST003,M,50,Electronics,1,30,30,41-50
2023-05-21,4,CUST004,M,37,Clothing,1,500,500,31-40
2023-05-06,5,CUST005,M,30,Beauty,2,50,100,21-30
2023-04-25,6,CUST006,F,45,Beauty,1,30,30,41-50
2023-03-13,7,CUST007,M,46,Clothing,2,25,50,41-50
2023-02-22,8,CUST008,M,30,Electronics,4,25,100,21-30
2023-12-13,9,CUST009,M,63,Electronics,2,300,600,60+
2023-10-07,10,CUST010,F,52,Clothing,4,50,200,51-60
2023-02-14,11,CUST011,M,23,Clothing,2,50,100,21-30
2023-10-30,12,CUST012,M,35,Beauty,3,25,75,31-40
2023-08-05,13,CUST013,M,22,Electronics,3,500,1500,21-30
2023-01-17,14,CUST014,M,64,Clothing,4,30,120,60+
2023-01-16,15,CUST015,F,42,Electronics,4,500,2000,41-50
2023-02-17,16,CUST016,M,19,Clothing,3,500,1500,<20
2023-04-22,17,CUST017,F,27,Clothing,4,25,100,21-30
2023-04-30,18,CUST018,F,47,Electronics,2,25,50,41-50
2023-09-16,19,CUST019,F,62,Clothing,2,25,50,60+
2023-11-05,20,CUST020,M,22,Clothing,3,300,900,21-30
2023-01-14,21,CUST021,F,50,Beauty,1,500,500,41-50
2023-10-15,22,CUST022,M,18,Clothing,2,50,100,<20
2023-04-12,23,CUST023,F,35,Clothing,4,30,120,31-40
2023-11-29,24,CUST024,F,49,Clothing,1,300,300,41-50
2023-12-26,25,CUST025,F,64,Beauty,1,50,50,60+
2023-10-07,26,CUST026,F,28,Electronics,2,500,1000,21-30
2023-08-03,27,CUST027,F,38,Beauty,2,25,50,31-40
2023-04-23,28,CUST028,F,43,Beauty,1,500,500,41-50
2023-08-18,29,CUST029,F,42,Electronics,1,30,30,41-50
2023-10-29,30,CUST030,F,39,Beauty,3,300,900,31-40
2023-05-23,31,CUST031,M,44,Electronics,4,300,1200,41-50
2023-01-04,32,CUST032,M,30,Beauty,3,30,90,21-30
2023-03-23,33,CUST033,F,50,Electronics,2,50,100,41-50
2023-12-24,34,CUST034,F,51,Clothing,3,50,150,51-60
2023-08-05,35,CUST035,F,58,Beauty,3,300,900,51-60
2023-06-24,36,CUST036,M,52,Beauty,3,300,900,51-60
2023-05-23,37,CUST037,F,18,Beauty,3,25,75,<20
2023-03-21,38,CUST038,M,38,Beauty,4,50,200,31-40
2023-04-21,39,CUST039,M,23,Clothing,4,30,120,21-30
2023-06-22,40,CUST040,M,45,Beauty,1,50,50,41-50
2023-02-22,41,CUST041,M,34,Clothing,2,25,50,31-40
2023-02-17,42,CUST042,M,22,Clothing,3,300,900,21-30
2023-07-14,43,CUST043,F,48,Clothing,1,300,300,41-50
2023-02-19,44,CUST044,F,22,Clothing,1,25,25,21-30
2023-07-03,45,CUST045,F,55,Electronics,1,30,30,51-60
2023-06-26,46,CUST046,F,20,Electronics,4,300,1200,<20
2023-11-06,47,CUST047,F,40,Beauty,3,500,1500,31-40
2023-05-16,48,CUST048,M,54,Electronics,3,300,900,51-60
2023-01-23,49,CUST049,F,54,Electronics,2,500,1000,51-60
2023-08-24,50,CUST050,F,27,Beauty,3,25,75,21-30
2023-10-02,51,CUST051,M,27,Beauty,3,25,75,21-30
2023-03-05,52,CUST052,F,36,Beauty,1,300,300,31-40
2023-07-13,53,CUST053,M,34,Electronics,2,50,100,31-40
2023-02-10,54,CUST054,F,38,Electronics,3,500,1500,31-40
2023-10-10,55,CUST055,M,31,Beauty,4,30,120,31-40
2023-05-31,56,CUST056,F,26,Clothing,3,300,900,21-30
2023-11-18,57,CUST057,F,63,Beauty,1,30,30,60+
2023-11-13,58,CUST058,M,18,Clothing,4,300,1200,<20
2023-07-05,59,CUST059,M,62,Clothing,1,50,50,60+
2023-10-23,60,CUST060,M,30,Beauty,3,50,150,21-30
2023-04-09,61,CUST061,M,21,Beauty,4,50,200,21-30
2023-12-27,62,CUST062,M,18,Beauty,2,50,100,<20
2023-02-05,63,CUST063,M,57,Electronics,2,25,50,51-60
2023-01-24,64,CUST064,M,49,Clothing,4,25,100,41-50
2023-12-05,65,CUST065,M,51,Electronics,4,500,2000,51-60
2023-04-27,66,CUST066,F,45,Electronics,1,30,30,41-50
2023-05-29,67,CUST067,F,48,Beauty,4,300,1200,41-50
2023-02-10,68,CUST068,M,25,Electronics,1,300,300,21-30
2023-04-30,69,CUST069,F,56,Beauty,3,25,75,51-60
2023-02-21,70,CUST070,F,43,Clothing,1,300,300,41-50
2023-07-14,71,CUST071,F,51,Beauty,4,25,100,51-60
2023-05-23,72,CUST072,F,20,Electronics,4,500,2000,<20
2023-08-21,73,CUST073,M,29,Electronics,3,30,90,21-30
2023-11-22,74,CUST074,F,18,Beauty,4,500,2000,<20
2023-07-06,75,CUST075,M,61,Beauty,4,50,200,60+
2023-03-25,76,CUST076,F,22,Electronics,2,50,100,21-30
2023-07-09,77,CUST077,F,47,Clothing,2,50,100,41-50
2023-07-01,78,CUST078,F,47,Clothing,3,500,1500,41-50
2023-04-18,79,CUST079,M,34,Beauty,1,300,300,31-40
2023-12-10,80,CUST080,F,64,Clothing,2,30,60,60+
2023-05-17,81,CUST081,M,40,Electronics,1,50,50,31-40
2023-12-26,82,CUST082,F,32,Beauty,4,50,200,31-40
2023-12-16,83,CUST083,M,54,Electronics,2,50,100,51-60
2023-11-28,84,CUST084,F,38,Electronics,3,30,90,31-40
2023-02-06,85,CUST085,M,31,Clothing,3,50,150,31-40
2023-11-08,86,CUST086,M,19,Beauty,3,30,90,<20
2023-11-22,87,CUST087,F,28,Beauty,2,50,100,21-30
2023-03-29,88,CUST088,M,56,Clothing,1,500,500,51-60
2023-10-01,89,CUST089,F,55,Electronics,4,500,2000,51-60
2023-05-06,90,CUST090,F,51,Electronics,1,30,30,51-60
2023-03-25,91,CUST091,F,55,Electronics,1,500,500,51-60
2023-08-25,92,CUST092,F,51,Electronics,4,30,120,51-60
2023-07-14,93,CUST093,F,35,Beauty,4,500,2000,31-40
2023-05-19,94,CUST094,F,47,Beauty,2,500,1000,41-50
2023-11-24,95,CUST095,F,32,Clothing,2,30,60,31-40
2023-12-19,96,CUST096,F,44,Clothing,2,300,600,41-50
2023-10-13,97,CUST097,F,51,Beauty,2,500,1000,51-60
2023-04-23,98,CUST098,F,55,Beauty,2,50,100,51-60
2023-12-17,99,CUST099,F,50,Electronics,4,300,1200,41-50
2023-06-16,100,CUST100,M,41,Electronics,1,30,30,41-50
2023-01-29,101,CUST101,M,32,Clothing,2,300,600,31-40
2023-04-28,102,CUST102,F,47,Beauty,2,25,50,41-50
2023-01-17,103,CUST103,F,59,Clothing,1,25,25,51-60
2023-06-11,104,CUST104,F,34,Beauty,2,500,1000,31-40
2023-07-25,105,CUST105,F,22,Electronics,1,500,500,21-30
2023-05-18,106,CUST106,F,46,Clothing,1,50,50,41-50
2023-02-03,107,CUST107,F,21,Clothing,4,300,1200,21-30
2023-04-19,108,CUST108,F,27,Beauty,3,25,75,21-30
2023-10-18,109,CUST109,F,34,Electronics,4,500,2000,31-40
2023-06-11,110,CUST110,M,27,Clothing,3,300,900,21-30
2023-04-19,111,CUST111,F,34,Electronics,3,500,1500,31-40
2023-12-02,112,CUST112,M,37,Clothing,3,500,1500,31-40
2023-09-13,113,CUST113,F,41,Electronics,2,25,50,41-50
2023-07-22,114,CUST114,F,22,Beauty,4,25,100,21-30
2023-11-26,115,CUST115,M,51,Clothing,3,500,1500,51-60
2023-08-23,116,CUST116,F,23,Clothing,1,30,30,21-30
2023-03-15,117,CUST117,M,19,Electronics,2,500,1000,<20
2023-05-16,118,CUST118,F,30,Electronics,4,500,2000,21-30
2023-03-13,119,CUST119,F,60,Clothing,3,50,150,51-60
2023-05-07,120,CUST120,M,60,Beauty,1,50,50,51-60
2023-10-15,121,CUST121,F,28,Electronics,4,50,200,21-30
2023-10-03,122,CUST122,M,64,Electronics,4,30,120,60+
2023-05-15,123,CUST123,F,40,Electronics,2,30,60,31-40
2023-10-27,124,CUST124,M,33,Clothing,4,500,2000,31-40
2023-08-08,125,CUST125,M,48,Clothing,2,50,100,41-50
2023-10-26,126,CUST126,F,28,Clothing,3,30,90,21-30
2023-07-24,127,CUST127,F,33,Clothing,2,25,50,31-40
2023-07-05,128,CUST128,M,25,Beauty,1,500,500,21-30
2023-04-23,129,CUST129,F,21,Beauty,2,300,600,21-30
2023-03-12,130,CUST130,F,57,Clothing,1,500,500,51-60
2023-09-18,131,CUST131,F,21,Beauty,2,300,600,21-30
2023-09-10,132,CUST132,M,42,Electronics,4,50,200,41-50
2023-02-16,133,CUST133,M,20,Electronics,3,300,900,<20
2023-01-25,134,CUST134,M,49,Electronics,1,50,50,41-50
2023-02-26,135,CUST135,M,20,Clothing,2,25,50,<20
2023-03-20,136,CUST136,M,44,Electronics,2,300,600,41-50
2023-11-18,137,CUST137,M,46,Beauty,2,500,1000,41-50
2023-03-23,138,CUST138,M,49,Clothing,4,50,200,41-50
2023-12-15,139,CUST139,M,36,Beauty,4,500,2000,31-40
2023-08-05,140,CUST140,M,38,Electronics,1,30,30,31-40
2023-11-02,141,CUST141,F,22,Electronics,1,50,50,21-30
2023-02-02,142,CUST142,M,35,Electronics,4,300,1200,31-40
2023-07-17,143,CUST143,F,45,Clothing,1,50,50,41-50
2023-07-15,144,CUST144,F,59,Beauty,3,500,1500,51-60
2023-11-02,145,CUST145,F,39,Clothing,3,25,75,31-40
2023-08-28,146,CUST146,M,38,Clothing,4,50,200,31-40
2023-09-28,147,CUST147,M,23,Electronics,1,300,300,21-30
2023-05-09,148,CUST148,M,18,Clothing,2,30,60,<20
2023-10-11,149,CUST149,M,22,Clothing,3,25,75,21-30
2023-01-06,150,CUST150,F,58,Electronics,4,30,120,51-60
2023-12-15,151,CUST151,M,29,Clothing,1,50,50,21-30
2023-02-28,152,CUST152,M,43,Electronics,4,500,2000,41-50
2023-12-16,153,CUST153,M,63,Electronics,2,500,1000,60+
2023-10-02,154,CUST154,M,51,Electronics,3,300,900,51-60
2023-05-17,155,CUST155,M,31,Electronics,4,500,2000,31-40
2023-11-25,156,CUST156,F,43,Clothing,4,25,100,41-50
2023-06-24,157,CUST157,M,62,Electronics,4,500,2000,60+
2023-02-27,158,CUST158,F,44,Electronics,2,300,600,41-50
2023-05-31,159,CUST159,M,26,Clothing,4,50,200,21-30
2023-08-11,160,CUST160,F,43,Clothing,2,50,100,41-50
2023-03-22,161,CUST161,M,64,Beauty,2,500,1000,60+
2023-08-21,162,CUST162,M,39,Clothing,2,30,60,31-40
2023-01-02,163,CUST163,F,64,Clothing,3,50,150,60+
2023-05-15,164,CUST164,F,47,Beauty,3,500,1500,41-50
2023-09-14,165,CUST165,F,60,Clothing,4,300,1200,51-60
2023-04-02,166,CUST166,M,34,Clothing,4,500,2000,31-40
2023-09-17,167,CUST167,F,43,Clothing,3,50,150,41-50
2023-02-24,168,CUST168,M,53,Clothing,1,300,300,51-60
2023-11-17,169,CUST169,M,18,Beauty,3,500,1500,<20
2023-06-02,170,CUST170,F,25,Clothing,2,25,50,21-30
2023-11-24,171,CUST171,F,52,Clothing,3,300,900,51-60
2023-09-17,172,CUST172,M,32,Beauty,2,25,50,31-40
2023-11-08,173,CUST173,M,64,Electronics,4,30,120,60+
2023-04-12,174,CUST174,F,39,Beauty,1,300,300,31-40
2023-03-20,175,CUST175,F,31,Electronics,4,25,100,31-40
2023-07-11,176,CUST176,F,43,Beauty,2,50,100,41-50
2023-03-24,177,CUST177,M,45,Beauty,2,50,100,41-50
2023-10-04,178,CUST178,M,40,Clothing,2,30,60,31-40
2023-09-29,179,CUST179,M,31,Electronics,1,300,300,31-40
2023-01-01,180,CUST180,M,41,Clothing,3,300,900,41-50
2023-11-03,181,CUST181,M,19,Electronics,4,300,1200,<20
2023-06-15,182,CUST182,M,62,Beauty,4,30,120,60+
2023-09-08,183,CUST183,F,43,Beauty,3,300,900,41-50
2023-01-10,184,CUST184,M,31,Electronics,4,50,200,31-40
2023-02-27,185,CUST185,M,24,Clothing,1,25,25,21-30
2023-07-05,186,CUST186,M,20,Clothing,4,50,200,<20
2023-06-07,187,CUST187,F,64,Clothing,2,50,100,60+
2023-05-03,188,CUST188,M,40,Clothing,3,25,75,31-40
2023-01-30,189,CUST189,M,63,Beauty,1,50,50,60+
2023-05-04,190,CUST190,F,60,Beauty,3,30,90,51-60
2023-10-18,191,CUST191,M,64,Beauty,1,25,25,60+
2023-02-10,192,CUST192,M,62,Beauty,2,50,100,60+
2023-02-13,193,CUST193,M,35,Beauty,3,500,1500,31-40
2023-09-06,194,CUST194,M,55,Clothing,4,50,200,51-60
2023-02-05,195,CUST195,M,52,Clothing,1,30,30,51-60
2023-09-30,196,CUST196,F,32,Clothing,3,300,900,31-40
2023-03-06,197,CUST197,F,42,Clothing,4,50,200,41-50
2023-03-07,198,CUST198,F,54,Beauty,3,300,900,51-60
2023-12-04,199,CUST199,M,45,Beauty,3,500,1500,41-50
2023-09-01,200,CUST200,M,27,Beauty,3,50,150,21-30
2023-10-09,201,CUST201,M,56,Electronics,1,25,25,51-60
2023-03-26,202,CUST202,F,34,Clothing,4,300,1200,31-40
2023-05-16,203,CUST203,M,56,Clothing,2,500,1000,51-60
2023-09-28,204,CUST204,M,39,Beauty,1,25,25,31-40
2023-11-07,205,CUST205,F,43,Clothing,1,25,25,41-50
2023-08-05,206,CUST206,M,61,Clothing,1,25,25,60+
2023-04-19,207,CUST207,F,42,Beauty,2,25,50,41-50
2023-10-04,208,CUST208,F,34,Electronics,4,50,200,31-40
2023-12-20,209,CUST209,F,30,Electronics,4,50,200,21-30
2023-04-13,210,CUST210,M,37,Electronics,4,50,200,31-40
2024-01-01,211,CUST211,M,42,Beauty,3,500,1500,41-50
2023-06-09,212,CUST212,M,21,Clothing,3,500,1500,21-30
2023-07-24,213,CUST213,M,27,Beauty,3,500,1500,21-30
2023-12-10,214,CUST214,M,20,Beauty,2,30,60,<20
2023-11-29,215,CUST215,M,58,Clothing,3,500,1500,51-60
2023-07-11,216,CUST216,M,62,Electronics,2,50,100,60+
2023-08-13,217,CUST217,F,35,Electronics,4,50,200,31-40
2023-09-22,218,CUST218,M,64,Beauty,3,30,90,60+
2023-08-20,219,CUST219,F,53,Electronics,3,30,90,51-60
2023-03-03,220,CUST220,M,64,Beauty,1,500,500,60+
2023-05-07,221,CUST221,M,39,Beauty,2,300,600,31-40
2023-04-26,222,CUST222,M,51,Clothing,4,30,120,51-60
2023-02-02,223,CUST223,F,64,Clothing,1,25,25,60+
2023-06-23,224,CUST224,F,25,Clothing,1,50,50,21-30
2023-01-11,225,CUST225,F,57,Beauty,4,25,100,51-60
2023-10-29,226,CUST226,F,61,Clothing,1,50,50,60+
2023-10-11,227,CUST227,M,36,Electronics,2,50,100,31-40
2023-04-28,228,CUST228,F,59,Electronics,2,30,60,51-60
2023-10-29,229,CUST229,M,58,Beauty,3,30,90,51-60
2023-04-23,230,CUST230,M,54,Beauty,1,25,25,51-60
2023-01-04,231,CUST231,F,23,Clothing,3,50,150,21-30
2023-02-06,232,CUST232,F,43,Beauty,1,25,25,41-50
2023-12-29,233,CUST233,F,51,Beauty,2,300,600,51-60
2023-11-20,234,CUST234,F,62,Electronics,2,25,50,60+
2023-01-31,235,CUST235,F,23,Electronics,2,500,1000,21-30
2023-04-28,236,CUST236,F,54,Clothing,1,25,25,51-60
2023-02-04,237,CUST237,F,50,Beauty,2,500,1000,41-50
2023-01-17,238,CUST238,F,39,Beauty,1,500,500,31-40
2023-06-19,239,CUST239,M,38,Electronics,3,500,1500,31-40
2023-02-06,240,CUST240,F,23,Beauty,1,300,300,21-30
2023-09-21,241,CUST241,F,23,Electronics,3,25,75,21-30
2023-05-02,242,CUST242,M,21,Clothing,1,25,25,21-30
2023-05-23,243,CUST243,F,47,Electronics,3,300,900,41-50
2023-12-09,244,CUST244,M,28,Beauty,2,50,100,21-30
2023-09-06,245,CUST245,M,47,Clothing,3,30,90,41-50
2023-04-20,246,CUST246,F,48,Electronics,2,25,50,41-50
2023-10-04,247,CUST247,M,41,Electronics,2,30,60,41-50
2023-03-09,248,CUST248,M,26,Clothing,3,300,900,21-30
2023-10-20,249,CUST249,M,20,Clothing,1,50,50,<20
2023-10-23,250,CUST250,M,48,Electronics,1,50,50,41-50
2023-08-31,251,CUST251,F,57,Beauty,4,50,200,51-60
2023-05-05,252,CUST252,M,54,Electronics,1,300,300,51-60
2023-08-31,253,CUST253,F,53,Clothing,4,500,2000,51-60
2023-07-28,254,CUST254,M,41,Electronics,1,500,500,41-50
2023-04-08,255,CUST255,M,48,Clothing,1,30,30,41-50
2023-02-18,256,CUST256,M,23,Clothing,2,500,1000,21-30
2023-02-19,257,CUST257,M,19,Beauty,4,500,2000,<20
2023-12-04,258,CUST258,F,37,Clothing,1,50,50,31-40
2023-08-09,259,CUST259,F,45,Clothing,4,50,200,41-50
2023-07-01,260,CUST260,M,28,Beauty,2,30,60,21-30
2023-08-05,261,CUST261,M,21,Clothing,2,25,50,21-30
2023-07-30,262,CUST262,F,32,Beauty,4,30,120,31-40
2023-08-28,263,CUST263,M,23,Beauty,2,30,60,21-30
2023-01-28,264,CUST264,M,47,Clothing,3,300,900,41-50
2023-12-11,265,CUST265,M,55,Clothing,3,300,900,51-60
2023-12-01,266,CUST266,F,19,Electronics,2,30,60,<20
2023-11-27,267,CUST267,F,32,Beauty,3,30,90,31-40
2023-02-20,268,CUST268,F,28,Electronics,1,30,30,21-30
2023-02-01,269,CUST269,M,25,Clothing,4,500,2000,21-30
2023-07-26,270,CUST270,M,43,Electronics,1,300,300,41-50
2023-06-23,271,CUST271,F,62,Beauty,4,30,120,60+
2023-02-25,272,CUST272,F,61,Electronics,2,50,100,60+
2023-05-08,273,CUST273,F,22,Beauty,1,50,50,21-30
2023-04-09,274,CUST274,F,23,Clothing,2,500,1000,21-30
2023-04-08,275,CUST275,M,43,Clothing,2,500,1000,41-50
2023-10-02,276,CUST276,F,21,Beauty,4,25,100,21-30
2023-08-18,277,CUST277,M,36,Clothing,4,25,100,31-40
2023-03-13,278,CUST278,F,37,Clothing,4,25,100,31-40
2023-08-05,279,CUST279,M,50,Clothing,1,500,500,41-50
2023-04-04,280,CUST280,F,37,Clothing,3,500,1500,31-40
2023-05-23,281,CUST281,F,29,Beauty,4,500,2000,21-30
2023-08-25,282,CUST282,F,64,Electronics,4,50,200,60+
2023-05-08,283,CUST283,F,18,Electronics,1,500,500,<20
2023-02-08,284,CUST284,M,43,Clothing,4,50,200,41-50
2023-08-15,285,CUST285,F,31,Electronics,1,25,25,31-40
2023-10-09,286,CUST286,M,55,Electronics,2,25,50,51-60
2023-02-20,287,CUST287,M,54,Clothing,4,25,100,51-60
2023-01-26,288,CUST288,M,28,Clothing,4,30,120,21-30
2023-11-30,289,CUST289,M,53,Electronics,2,30,60,51-60
2023-10-04,290,CUST290,F,30,Beauty,2,300,600,21-30
2023-01-08,291,CUST291,M,60,Clothing,2,300,600,51-60
2023-02-17,292,CUST292,M,20,Beauty,4,300,1200,<20
2023-05-02,293,CUST293,M,50,Electronics,3,30,90,41-50
2023-03-27,294,CUST294,F,23,Clothing,3,30,90,21-30
2023-07-28,295,CUST295,F,27,Beauty,3,300,900,21-30
2023-09-06,296,CUST296,F,22,Clothing,4,300,1200,21-30
2023-09-04,297,CUST297,F,40,Electronics,2,500,1000,31-40
2023-04-20,298,CUST298,M,27,Beauty,4,300,1200,21-30
2023-07-25,299,CUST299,M,61,Electronics,2,500,1000,60+
2023-01-31,300,CUST300,F,19,Electronics,4,50,200,<20
2023-03-26,301,CUST301,M,30,Clothing,4,30,120,21-30
2023-07-14,302,CUST302,M,57,Beauty,2,300,600,51-60
2023-01-02,303,CUST303,M,19,Electronics,3,30,90,<20
2023-07-19,304,CUST304,F,37,Electronics,2,30,60,31-40
2023-05-16,305,CUST305,F,18,Beauty,1,30,30,<20
2023-08-21,306,CUST306,M,54,Electronics,1,50,50,51-60
2023-05-27,307,CUST307,F,26,Electronics,2,25,50,21-30
2023-08-05,308,CUST308,F,34,Beauty,4,300,1200,31-40
2023-12-23,309,CUST309,F,26,Beauty,1,25,25,21-30
2023-10-12,310,CUST310,F,28,Beauty,1,25,25,21-30
2023-12-05,311,CUST311,F,32,Beauty,4,25,100,31-40
2023-09-07,312,CUST312,M,41,Clothing,4,30,120,41-50
2023-03-21,313,CUST313,F,55,Beauty,3,500,1500,51-60
2023-04-08,314,CUST314,M,52,Clothing,4,30,120,51-60
2023-06-01,315,CUST315,M,47,Clothing,2,30,60,41-50
2023-04-22,316,CUST316,F,48,Clothing,2,25,50,41-50
2023-01-30,317,CUST317,M,22,Electronics,3,30,90,21-30
2023-10-24,318,CUST318,M,61,Clothing,1,25,25,60+
2023-10-05,319,CUST319,M,31,Clothing,1,500,500,31-40
2023-02-01,320,CUST320,F,28,Electronics,4,300,1200,21-30
2023-06-10,321,CUST321,F,26,Electronics,2,25,50,21-30
2023-01-30,322,CUST322,M,51,Electronics,1,500,500,51-60
2023-01-26,323,CUST323,F,29,Beauty,3,300,900,21-30
2023-10-27,324,CUST324,F,52,Electronics,3,50,150,51-60
2023-09-02,325,CUST325,F,52,Electronics,2,25,50,51-60
2023-09-15,326,CUST326,F,18,Clothing,3,25,75,<20
2023-09-29,327,CUST327,M,57,Electronics,3,50,150,51-60
2023-03-22,328,CUST328,M,39,Beauty,2,50,100,31-40
2023-01-30,329,CUST329,F,46,Electronics,4,25,100,41-50
2023-09-18,330,CUST330,F,25,Beauty,4,50,200,21-30
2023-02-11,331,CUST331,M,28,Electronics,3,30,90,21-30
2023-04-06,332,CUST332,M,58,Electronics,4,300,1200,51-60
2023-02-05,333,CUST333,F,54,Electronics,4,300,1200,51-60
2023-11-01,334,CUST334,M,31,Electronics,3,300,900,31-40
2023-02-04,335,CUST335,F,47,Beauty,4,30,120,41-50
2023-12-12,336,CUST336,F,52,Beauty,3,50,150,51-60
2023-05-01,337,CUST337,M,38,Clothing,1,500,500,31-40
2023-07-26,338,CUST338,M,54,Beauty,2,50,100,51-60
2023-03-03,339,CUST339,F,22,Electronics,2,25,50,21-30
2023-10-19,340,CUST340,F,36,Clothing,4,300,1200,31-40
2023-05-07,341,CUST341,M,31,Clothing,4,50,200,31-40
2023-10-24,342,CUST342,F,43,Clothing,4,500,2000,41-50
2023-11-01,343,CUST343,M,21,Electronics,2,25,50,21-30
2023-01-21,344,CUST344,F,42,Beauty,1,30,30,41-50
2023-11-14,345,CUST345,M,62,Electronics,1,30,30,60+
2023-02-11,346,CUST346,M,59,Clothing,2,500,1000,51-60
2023-08-03,347,CUST347,M,42,Electronics,1,25,25,41-50
2023-12-03,348,CUST348,F,35,Electronics,2,300,600,31-40
2023-10-26,349,CUST349,F,57,Beauty,1,50,50,51-60
2023-10-17,350,CUST350,M,25,Beauty,3,25,75,21-30
2023-09-25,351,CUST351,F,56,Clothing,3,30,90,51-60
2023-06-11,352,CUST352,M,57,Electronics,2,500,1000,51-60
2023-05-14,353,CUST353,M,31,Electronics,1,500,500,31-40
2023-04-15,354,CUST354,F,49,Beauty,4,50,200,41-50
2023-12-09,355,CUST355,F,55,Electronics,1,500,500,51-60
2023-06-10,356,CUST356,M,50,Electronics,3,500,1500,41-50
2023-05-03,357,CUST357,F,40,Electronics,3,25,75,31-40
2023-05-16,358,CUST358,F,32,Beauty,1,300,300,31-40
2023-07-22,359,CUST359,M,50,Clothing,1,50,50,41-50
2023-03-09,360,CUST360,M,42,Clothing,4,25,100,41-50
2023-12-10,361,CUST361,F,34,Electronics,4,300,1200,31-40
2023-11-27,362,CUST362,M,50,Clothing,1,25,25,41-50
2023-06-03,363,CUST363,M,64,Beauty,1,25,25,60+
2023-08-23,364,CUST364,F,19,Beauty,1,500,500,<20
2023-06-11,365,CUST365,M,31,Clothing,1,300,300,31-40
2023-02-07,366,CUST366,M,57,Clothing,2,50,100,51-60
2023-01-05,367,CUST367,F,57,Electronics,1,50,50,51-60
2023-08-23,368,CUST368,F,56,Clothing,4,300,1200,51-60
2023-11-15,369,CUST369,M,23,Electronics,3,500,1500,21-30
2023-10-16,370,CUST370,M,23,Electronics,2,30,60,21-30
2023-02-21,371,CUST371,F,20,Beauty,1,25,25,<20
2023-02-07,372,CUST372,F,24,Beauty,3,500,1500,21-30
2023-10-03,373,CUST373,F,25,Beauty,2,300,600,21-30
2023-04-20,374,CUST374,F,59,Beauty,3,25,75,51-60
2023-09-17,375,CUST375,M,32,Clothing,1,50,50,31-40
2023-05-16,376,CUST376,F,64,Beauty,1,30,30,60+
2023-03-09,377,CUST377,F,46,Clothing,4,50,200,41-50
2023-06-28,378,CUST378,M,50,Beauty,1,300,300,41-50
2023-02-05,379,CUST379,F,47,Clothing,1,25,25,41-50
2023-05-06,380,CUST380,M,56,Electronics,2,300,600,51-60
2023-07-09,381,CUST381,F,44,Clothing,4,25,100,41-50
2023-05-26,382,CUST382,F,53,Clothing,2,500,1000,51-60
2023-03-22,383,CUST383,F,46,Beauty,3,30,90,41-50
2023-08-13,384,CUST384,M,55,Clothing,1,500,500,51-60
2023-10-06,385,CUST385,M,50,Electronics,3,500,1500,41-50
2023-12-27,386,CUST386,F,54,Electronics,2,300,600,51-60
2023-06-04,387,CUST387,M,44,Beauty,1,30,30,41-50
2023-11-10,388,CUST388,M,50,Electronics,1,25,25,41-50
2023-12-01,389,CUST389,M,21,Clothing,2,25,50,21-30
2023-09-28,390,CUST390,M,39,Electronics,2,50,100,31-40
2023-01-05,391,CUST391,M,19,Beauty,2,25,50,<20
2023-12-08,392,CUST392,M,27,Clothing,2,300,600,21-30
2023-10-11,393,CUST393,F,22,Beauty,2,500,1000,21-30
2023-06-03,394,CUST394,F,27,Clothing,1,500,500,21-30
2023-12-06,395,CUST395,M,50,Electronics,2,500,1000,41-50
2023-02-23,396,CUST396,F,55,Beauty,1,30,30,51-60
2023-03-10,397,CUST397,F,30,Beauty,1,25,25,21-30
2023-05-16,398,CUST398,F,48,Clothing,2,300,600,41-50
2023-03-01,399,CUST399,F,64,Beauty,2,30,60,60+
2023-02-24,400,CUST400,M,53,Clothing,4,50,200,51-60
2023-10-11,401,CUST401,F,62,Clothing,1,300,300,60+
2023-03-21,402,CUST402,F,41,Clothing,2,300,600,41-50
2023-05-20,403,CUST403,M,32,Clothing,2,300,600,31-40
2023-05-25,404,CUST404,M,46,Electronics,2,500,1000,41-50
2023-11-06,405,CUST405,F,25,Clothing,4,300,1200,21-30
2023-04-18,406,CUST406,F,22,Beauty,4,25,100,21-30
2023-06-25,407,CUST407,F,46,Electronics,3,300,900,41-50
2023-04-15,408,CUST408,F,64,Beauty,1,500,500,60+
2023-12-18,409,CUST409,F,21,Electronics,3,300,900,21-30
2023-11-21,410,CUST410,F,29,Clothing,2,50,100,21-30
2023-05-16,411,CUST411,M,62,Electronics,4,50,200,60+
2023-09-16,412,CUST412,F,19,Electronics,4,500,2000,<20
2023-09-08,413,CUST413,F,44,Beauty,3,25,75,41-50
2023-05-09,414,CUST414,M,48,Beauty,4,25,100,41-50
2023-01-27,415,CUST415,M,53,Clothing,2,30,60,51-60
2023-02-17,416,CUST416,M,53,Electronics,4,500,2000,51-60
2023-11-21,417,CUST417,M,43,Electronics,3,300,900,41-50
2023-08-05,418,CUST418,F,60,Electronics,2,500,1000,51-60
2023-05-22,419,CUST419,F,44,Clothing,3,30,90,41-50
2023-01-23,420,CUST420,F,22,Clothing,4,500,2000,21-30
2023-01-02,421,CUST421,F,37,Clothing,3,500,1500,31-40
2023-06-20,422,CUST422,F,28,Clothing,3,30,90,21-30
2023-03-08,423,CUST423,F,27,Clothing,1,25,25,21-30
2023-11-23,424,CUST424,M,57,Beauty,4,300,1200,51-60
2023-05-15,425,CUST425,F,55,Electronics,4,30,120,51-60
2023-03-24,426,CUST426,M,23,Electronics,3,50,150,21-30
2023-08-15,427,CUST427,M,25,Electronics,1,25,25,21-30
2023-10-10,428,CUST428,F,40,Electronics,4,50,200,31-40
2023-12-28,429,CUST429,M,64,Electronics,2,25,50,60+
2023-08-07,430,CUST430,F,43,Electronics,3,300,900,41-50
2023-10-15,431,CUST431,M,63,Electronics,4,300,1200,60+
2023-01-05,432,CUST432,F,60,Electronics,2,500,1000,51-60
2023-02-27,433,CUST433,M,29,Beauty,4,50,200,21-30
2023-02-08,434,CUST434,F,43,Electronics,2,25,50,41-50
2023-12-20,435,CUST435,F,30,Beauty,3,300,900,21-30
2023-03-18,436,CUST436,F,57,Clothing,4,30,120,51-60
2023-10-07,437,CUST437,F,35,Electronics,4,300,1200,31-40
2023-01-19,438,CUST438,F,42,Clothing,1,30,30,41-50
2023-07-09,439,CUST439,M,50,Clothing,3,25,75,41-50
2023-10-26,440,CUST440,M,64,Clothing,2,300,600,60+
2023-10-10,441,CUST441,M,57,Beauty,4,300,1200,51-60
2023-03-17,442,CUST442,F,60,Clothing,4,25,100,51-60
2023-08-09,443,CUST443,M,29,Clothing,2,300,600,21-30
2023-03-07,444,CUST444,F,61,Clothing,3,30,90,60+
2023-01-22,445,CUST445,F,53,Electronics,1,300,300,51-60
2023-06-07,446,CUST446,M,21,Electronics,1,50,50,21-30
2023-07-06,447,CUST447,M,22,Beauty,4,500,2000,21-30
2023-01-21,448,CUST448,F,54,Beauty,2,30,60,51-60
2023-07-03,449,CUST449,M,25,Electronics,4,50,200,21-30
2023-04-18,450,CUST450,F,59,Beauty,2,25,50,51-60
2023-12-16,451,CUST451,F,45,Electronics,1,30,30,41-50
2023-05-08,452,CUST452,F,48,Clothing,3,500,1500,41-50
2023-12-08,453,CUST453,F,26,Clothing,2,500,1000,21-30
2023-02-22,454,CUST454,F,46,Beauty,1,25,25,41-50
2023-07-01,455,CUST455,M,31,Electronics,4,25,100,31-40
2023-10-14,456,CUST456,M,57,Electronics,2,30,60,51-60
2023-07-28,457,CUST457,F,58,Beauty,3,300,900,51-60
2023-11-14,458,CUST458,F,39,Electronics,4,25,100,31-40
2023-03-21,459,CUST459,M,28,Clothing,4,300,1200,21-30
2023-05-02,460,CUST460,M,40,Beauty,1,50,50,31-40
2023-03-25,461,CUST461,F,18,Beauty,2,500,1000,<20
2023-04-01,462,CUST462,M,63,Electronics,4,300,1200,60+
2023-07-31,463,CUST463,F,54,Beauty,3,500,1500,51-60
2023-01-13,464,CUST464,M,38,Electronics,2,300,600,31-40
2023-04-02,465,CUST465,F,43,Electronics,3,50,150,41-50
2023-06-20,466,CUST466,M,63,Electronics,4,25,100,60+
2023-07-30,467,CUST467,F,53,Electronics,3,50,150,51-60
2023-12-09,468,CUST468,M,40,Electronics,1,25,25,31-40
2023-05-08,469,CUST469,M,18,Beauty,3,25,75,<20
2023-05-17,470,CUST470,F,57,Clothing,2,500,1000,51-60
2023-03-23,471,CUST471,M,32,Clothing,3,50,150,31-40
2023-12-26,472,CUST472,F,38,Beauty,3,300,900,31-40
2023-02-25,473,CUST473,M,64,Beauty,1,50,50,60+
2023-07-15,474,CUST474,F,26,Clothing,3,500,1500,21-30
2023-01-20,475,CUST475,M,26,Clothing,3,25,75,21-30
2023-08-29,476,CUST476,F,27,Clothing,4,500,2000,21-30
2023-04-24,477,CUST477,M,43,Clothing,4,30,120,41-50
2023-04-13,478,CUST478,F,58,Clothing,2,30,60,51-60
2023-08-24,479,CUST479,M,52,Electronics,4,300,1200,51-60
2023-06-29,480,CUST480,F,42,Beauty,4,500,2000,41-50
2023-06-06,481,CUST481,F,43,Electronics,4,300,1200,41-50
2023-04-27,482,CUST482,F,28,Clothing,4,300,1200,21-30
2023-04-25,483,CUST483,M,55,Clothing,1,30,30,51-60
2023-01-13,484,CUST484,F,19,Clothing,4,300,1200,<20
2023-12-04,485,CUST485,M,24,Electronics,1,30,30,21-30
2023-04-09,486,CUST486,F,35,Electronics,1,25,25,31-40
2023-07-24,487,CUST487,M,44,Clothing,4,500,2000,41-50
2023-06-18,488,CUST488,F,51,Electronics,3,300,900,51-60
2023-05-23,489,CUST489,M,44,Electronics,1,30,30,41-50
2023-02-05,490,CUST490,M,34,Clothing,3,50,150,31-40
2023-05-23,491,CUST491,F,60,Electronics,3,300,900,51-60
2023-06-29,492,CUST492,M,61,Beauty,4,25,100,60+
2023-11-25,493,CUST493,M,41,Beauty,2,25,50,41-50
2023-09-18,494,CUST494,F,42,Beauty,4,50,200,41-50
2023-07-24,495,CUST495,M,24,Beauty,2,30,60,21-30
2023-12-14,496,CUST496,M,23,Clothing,2,300,600,21-30
2023-10-02,497,CUST497,M,41,Clothing,4,30,120,41-50
2023-06-19,498,CUST498,F,50,Clothing,4,25,100,41-50
2023-01-15,499,CUST499,M,46,Beauty,2,30,60,41-50
2023-03-01,500,CUST500,F,60,Beauty,4,25,100,51-60
2023-05-14,501,CUST501,M,39,Electronics,2,30,60,31-40
2023-04-02,502,CUST502,M,43,Electronics,3,50,150,41-50
2023-10-25,503,CUST503,M,45,Beauty,4,500,2000,41-50
2023-05-16,504,CUST504,F,38,Beauty,3,50,150,31-40
2023-01-20,505,CUST505,M,24,Beauty,1,50,50,21-30
2023-02-25,506,CUST506,M,34,Beauty,3,500,1500,31-40
2023-11-02,507,CUST507,F,37,Electronics,3,500,1500,31-40
2023-08-11,508,CUST508,M,58,Beauty,2,300,600,51-60
2023-06-26,509,CUST509,F,37,Electronics,3,300,900,31-40
2023-06-10,510,CUST510,F,39,Beauty,4,50,200,31-40
2023-08-12,511,CUST511,M,45,Beauty,2,50,100,41-50
2023-11-07,512,CUST512,F,57,Beauty,1,25,25,51-60
2023-09-19,513,CUST513,M,24,Electronics,4,25,100,21-30
2023-03-01,514,CUST514,F,18,Electronics,1,300,300,<20
2023-07-17,515,CUST515,F,49,Clothing,3,300,900,41-50
2023-10-23,516,CUST516,M,30,Beauty,4,25,100,21-30
2023-04-08,517,CUST517,F,47,Clothing,4,25,100,41-50
2023-05-11,518,CUST518,F,40,Clothing,1,30,30,31-40
2023-01-23,519,CUST519,F,36,Electronics,4,30,120,31-40
2023-12-29,520,CUST520,F,49,Electronics,4,25,100,41-50
2023-08-12,521,CUST521,F,47,Clothing,4,30,120,41-50
2023-01-01,522,CUST522,M,46,Beauty,3,500,1500,41-50
2023-09-24,523,CUST523,F,62,Electronics,1,300,300,60+
2023-10-03,524,CUST524,M,46,Beauty,4,300,1200,41-50
2023-12-18,525,CUST525,F,47,Beauty,2,25,50,41-50
2023-12-10,526,CUST526,M,33,Clothing,2,50,100,31-40
2023-04-11,527,CUST527,M,57,Clothing,2,25,50,51-60
2023-07-06,528,CUST528,F,36,Clothing,2,30,60,31-40
2023-08-09,529,CUST529,F,35,Clothing,3,50,150,31-40
2023-02-05,530,CUST530,F,18,Electronics,4,30,120,<20
2023-12-07,531,CUST531,M,31,Electronics,1,500,500,31-40
2023-06-19,532,CUST532,F,64,Clothing,4,30,120,60+
2023-11-16,533,CUST533,M,19,Electronics,3,500,1500,<20
2023-06-10,534,CUST534,M,45,Clothing,2,500,1000,41-50
2023-12-06,535,CUST535,M,47,Beauty,3,30,90,41-50
2023-03-05,536,CUST536,F,55,Beauty,4,30,120,51-60
2023-06-03,537,CUST537,F,21,Beauty,1,500,500,21-30
2023-09-17,538,CUST538,M,18,Clothing,3,50,150,<20
2023-06-08,539,CUST539,M,25,Beauty,1,500,500,21-30
2023-12-08,540,CUST540,F,46,Electronics,3,300,900,41-50
2023-07-29,541,CUST541,M,56,Beauty,1,500,500,51-60
2023-06-17,542,CUST542,F,20,Beauty,1,50,50,<20
2023-07-26,543,CUST543,M,49,Beauty,2,300,600,41-50
2023-12-23,544,CUST544,F,27,Electronics,1,25,25,21-30
2023-06-01,545,CUST545,M,27,Clothing,2,25,50,21-30
2023-10-11,546,CUST546,F,36,Electronics,4,50,200,31-40
2023-03-07,547,CUST547,M,63,Clothing,4,500,2000,60+
2023-04-09,548,CUST548,F,51,Clothing,2,30,60,51-60
2023-08-04,549,CUST549,F,50,Beauty,2,50,100,41-50
2023-12-07,550,CUST550,M,40,Clothing,3,300,900,31-40
2023-07-14,551,CUST551,M,45,Electronics,3,300,900,41-50
2023-12-13,552,CUST552,F,49,Electronics,3,25,75,41-50
2023-03-31,553,CUST553,M,24,Clothing,4,300,1200,21-30
2023-11-12,554,CUST554,F,46,Beauty,3,50,150,41-50
2023-10-19,555,CUST555,M,25,Beauty,1,300,300,21-30
2023-06-04,556,CUST556,F,18,Electronics,1,50,50,<20
2023-07-27,557,CUST557,F,20,Beauty,3,30,90,<20
2023-10-08,558,CUST558,F,41,Clothing,1,25,25,41-50
2023-01-01,559,CUST559,F,40,Clothing,4,300,1200,31-40
2023-06-05,560,CUST560,F,25,Electronics,1,50,50,21-30
2023-05-27,561,CUST561,F,64,Clothing,4,500,2000,60+
2023-04-18,562,CUST562,M,54,Electronics,2,25,50,51-60
2023-08-09,563,CUST563,M,20,Clothing,2,30,60,<20
2023-10-24,564,CUST564,M,50,Electronics,2,50,100,41-50
2023-11-07,565,CUST565,F,45,Beauty,2,30,60,41-50
2023-12-02,566,CUST566,F,64,Clothing,1,30,30,60+
2023-06-14,567,CUST567,F,25,Clothing,3,300,900,21-30
2023-08-27,568,CUST568,F,51,Electronics,1,300,300,51-60
2023-08-15,569,CUST569,M,52,Electronics,4,50,200,51-60
2023-08-15,570,CUST570,M,49,Clothing,1,500,500,41-50
2023-12-12,571,CUST571,F,41,Electronics,1,50,50,41-50
2023-04-20,572,CUST572,M,31,Clothing,4,500,2000,31-40
2023-09-19,573,CUST573,M,49,Beauty,2,30,60,41-50
2023-08-31,574,CUST574,F,63,Electronics,2,25,50,60+
2023-03-28,575,CUST575,M,60,Clothing,2,50,100,51-60
2023-12-04,576,CUST576,F,33,Beauty,3,50,150,31-40
2023-02-13,577,CUST577,M,21,Beauty,4,500,2000,21-30
2023-05-26,578,CUST578,F,54,Clothing,4,30,120,51-60
2023-09-21,579,CUST579,F,38,Electronics,1,30,30,31-40
2023-12-06,580,CUST580,F,31,Clothing,3,500,1500,31-40
2023-11-21,581,CUST581,F,48,Beauty,2,30,60,41-50
2023-11-14,582,CUST582,M,35,Clothing,3,300,900,31-40
2023-06-21,583,CUST583,F,24,Electronics,4,25,100,21-30
2023-02-17,584,CUST584,F,27,Beauty,4,50,200,21-30
2023-05-01,585,CUST585,F,24,Clothing,1,25,25,21-30
2023-12-11,586,CUST586,M,50,Electronics,1,50,50,41-50
2023-06-08,587,CUST587,F,40,Beauty,4,300,1200,31-40
2023-04-26,588,CUST588,M,38,Electronics,2,30,60,31-40
2023-04-12,589,CUST589,F,36,Beauty,2,500,1000,31-40
2023-03-17,590,CUST590,M,36,Clothing,3,300,900,31-40
2023-01-13,591,CUST591,M,53,Electronics,4,25,100,51-60
2023-01-24,592,CUST592,F,46,Beauty,4,500,2000,41-50
2023-05-06,593,CUST593,M,35,Electronics,2,30,60,31-40
2023-09-01,594,CUST594,F,19,Electronics,2,300,600,<20
2023-11-09,595,CUST595,F,18,Clothing,4,500,2000,<20
2023-02-07,596,CUST596,F,64,Electronics,1,300,300,60+
2023-08-22,597,CUST597,M,22,Beauty,4,300,1200,21-30
2023-08-01,598,CUST598,M,37,Beauty,4,30,120,31-40
2023-11-19,599,CUST599,F,28,Beauty,2,50,100,21-30
2023-10-22,600,CUST600,F,59,Beauty,2,500,1000,51-60
2023-04-10,601,CUST601,M,19,Clothing,1,30,30,<20
2023-12-23,602,CUST602,F,20,Electronics,1,300,300,<20
2023-07-16,603,CUST603,F,40,Clothing,3,30,90,31-40
2023-09-11,604,CUST604,F,29,Electronics,4,50,200,21-30
2023-07-24,605,CUST605,M,37,Electronics,2,500,1000,31-40
2023-05-05,606,CUST606,M,22,Electronics,1,50,50,21-30
2023-03-17,607,CUST607,M,54,Clothing,3,25,75,51-60
2023-12-02,608,CUST608,F,55,Electronics,3,500,1500,51-60
2023-12-19,609,CUST609,F,47,Clothing,2,50,100,41-50
2023-01-03,610,CUST610,F,26,Beauty,2,300,600,21-30
2023-02-24,611,CUST611,M,51,Beauty,3,500,1500,51-60
2023-08-06,612,CUST612,F,61,Electronics,1,500,500,60+
2023-04-23,613,CUST613,F,52,Clothing,3,30,90,51-60
2023-04-01,614,CUST614,F,39,Beauty,4,300,1200,31-40
2023-12-23,615,CUST615,F,61,Clothing,4,25,100,60+
2023-09-23,616,CUST616,M,41,Clothing,2,50,100,41-50
2023-08-26,617,CUST617,M,34,Electronics,1,30,30,31-40
2023-01-26,618,CUST618,F,27,Beauty,1,50,50,21-30
2023-10-13,619,CUST619,M,47,Electronics,4,25,100,41-50
2023-05-08,620,CUST620,M,63,Electronics,3,25,75,60+
2023-03-04,621,CUST621,F,40,Beauty,2,500,1000,31-40
2023-08-22,622,CUST622,F,49,Beauty,3,25,75,41-50
2023-03-10,623,CUST623,M,34,Clothing,3,50,150,31-40
2023-08-26,624,CUST624,F,34,Beauty,3,300,900,31-40
2023-12-08,625,CUST625,M,31,Clothing,1,300,300,31-40
2023-09-29,626,CUST626,F,26,Clothing,4,500,2000,21-30
2023-10-14,627,CUST627,M,57,Clothing,1,50,50,51-60
2023-11-01,628,CUST628,F,19,Beauty,4,50,200,<20
2023-06-12,629,CUST629,M,62,Electronics,2,25,50,60+
2023-08-15,630,CUST630,M,42,Clothing,2,50,100,41-50
2023-11-10,631,CUST631,M,56,Electronics,3,30,90,51-60
2023-09-16,632,CUST632,F,26,Electronics,4,25,100,21-30
2023-08-07,633,CUST633,M,39,Beauty,4,30,120,31-40
2023-10-08,634,CUST634,M,60,Electronics,4,500,2000,51-60
2023-08-17,635,CUST635,F,63,Electronics,3,300,900,60+
2023-03-23,636,CUST636,F,21,Beauty,3,500,1500,21-30
2023-09-01,637,CUST637,M,43,Clothing,2,300,600,41-50
2023-08-19,638,CUST638,M,46,Electronics,1,500,500,41-50
2023-05-13,639,CUST639,F,62,Beauty,4,50,200,60+
2023-05-07,640,CUST640,F,51,Electronics,4,30,120,51-60
2023-11-23,641,CUST641,F,40,Electronics,1,300,300,31-40
2023-05-22,642,CUST642,F,54,Clothing,4,25,100,51-60
2023-09-24,643,CUST643,F,28,Electronics,3,30,90,21-30
2023-09-06,644,CUST644,M,23,Beauty,3,25,75,21-30
2023-11-17,645,CUST645,F,35,Electronics,4,30,120,31-40
2023-05-03,646,CUST646,M,38,Clothing,3,30,90,31-40
2023-05-21,647,CUST647,M,59,Clothing,3,500,1500,51-60
2023-08-14,648,CUST648,M,53,Beauty,4,300,1200,51-60
2023-02-09,649,CUST649,F,58,Clothing,2,300,600,51-60
2024-01-01,650,CUST650,M,55,Electronics,1,30,30,51-60
2023-05-27,651,CUST651,M,51,Clothing,3,50,150,51-60
2023-05-01,652,CUST652,F,34,Beauty,2,50,100,31-40
2023-05-20,653,CUST653,M,54,Clothing,3,25,75,51-60
2023-06-21,654,CUST654,M,42,Clothing,3,25,75,41-50
2023-06-13,655,CUST655,F,55,Clothing,1,500,500,51-60
2023-10-04,656,CUST656,M,29,Beauty,3,30,90,21-30
2023-02-11,657,CUST657,M,40,Clothing,1,25,25,31-40
2023-03-12,658,CUST658,M,59,Clothing,1,25,25,51-60
2023-03-19,659,CUST659,F,39,Electronics,1,30,30,31-40
2023-04-29,660,CUST660,F,38,Beauty,2,500,1000,31-40
2023-07-16,661,CUST661,F,44,Clothing,4,25,100,41-50
2023-12-22,662,CUST662,M,48,Beauty,2,500,1000,41-50
2023-03-20,663,CUST663,M,23,Clothing,4,300,1200,21-30
2023-12-28,664,CUST664,F,44,Clothing,4,500,2000,41-50
2023-04-20,665,CUST665,M,57,Clothing,1,50,50,51-60
2023-02-02,666,CUST666,M,51,Electronics,3,50,150,51-60
2023-08-01,667,CUST667,F,29,Electronics,1,500,500,21-30
2023-07-28,668,CUST668,F,62,Electronics,3,50,150,60+
2023-06-19,669,CUST669,M,24,Beauty,4,300,1200,21-30
2023-10-05,670,CUST670,M,27,Beauty,1,30,30,21-30
2023-08-27,671,CUST671,M,62,Electronics,3,50,150,60+
2023-08-01,672,CUST672,F,34,Beauty,2,50,100,31-40
2023-02-01,673,CUST673,F,43,Clothing,3,500,1500,41-50
2023-04-16,674,CUST674,F,38,Clothing,1,300,300,31-40
2023-08-04,675,CUST675,F,45,Clothing,2,30,60,41-50
2023-07-19,676,CUST676,M,63,Electronics,3,500,1500,60+
2023-10-27,677,CUST677,F,19,Beauty,3,500,1500,<20
2023-12-23,678,CUST678,F,60,Electronics,3,300,900,51-60
2023-01-11,679,CUST679,F,18,Beauty,3,30,90,<20
2023-10-22,680,CUST680,F,53,Clothing,3,300,900,51-60
2023-07-14,681,CUST681,F,43,Electronics,2,30,60,41-50
2023-09-02,682,CUST682,M,46,Beauty,4,300,1200,41-50
2023-01-04,683,CUST683,M,38,Beauty,2,500,1000,31-40
2023-06-30,684,CUST684,F,28,Clothing,2,500,1000,21-30
2023-06-02,685,CUST685,M,57,Electronics,2,25,50,51-60
2023-07-19,686,CUST686,F,28,Electronics,4,50,200,21-30
2023-08-03,687,CUST687,F,53,Electronics,1,300,300,51-60
2023-10-03,688,CUST688,M,56,Clothing,4,25,100,51-60
2023-10-07,689,CUST689,M,57,Electronics,2,50,100,51-60
2023-11-05,690,CUST690,F,52,Clothing,3,300,900,51-60
2023-04-23,691,CUST691,F,51,Clothing,3,30,90,51-60
2023-09-07,692,CUST692,F,64,Clothing,2,50,100,60+
2023-04-23,693,CUST693,M,41,Beauty,3,500,1500,41-50
2023-05-20,694,CUST694,F,39,Electronics,2,25,50,31-40
2023-08-12,695,CUST695,F,22,Electronics,3,50,150,21-30
2023-09-06,696,CUST696,F,50,Clothing,4,50,200,41-50
2023-01-15,697,CUST697,M,53,Clothing,1,500,500,51-60
2023-07-19,698,CUST698,F,64,Electronics,1,300,300,60+
2023-06-22,699,CUST699,F,37,Clothing,4,30,120,31-40
2023-12-09,700,CUST700,M,36,Electronics,4,500,2000,31-40
2023-12-14,701,CUST701,F,52,Beauty,2,30,60,51-60
2023-07-27,702,CUST702,F,60,Clothing,2,300,600,51-60
2023-03-26,703,CUST703,M,34,Electronics,2,50,100,31-40
2023-08-28,704,CUST704,F,62,Clothing,3,30,90,60+
2023-03-07,705,CUST705,M,60,Electronics,2,25,50,51-60
2023-11-15,706,CUST706,M,51,Electronics,4,25,100,51-60
2023-10-01,707,CUST707,F,26,Clothing,1,500,500,21-30
2023-01-14,708,CUST708,F,43,Beauty,3,300,900,41-50
2023-07-21,709,CUST709,F,19,Electronics,2,500,1000,<20
2023-10-31,710,CUST710,F,26,Electronics,3,500,1500,21-30
2023-10-16,711,CUST711,M,26,Electronics,3,500,1500,21-30
2023-12-06,712,CUST712,F,57,Beauty,2,25,50,51-60
2023-01-14,713,CUST713,M,34,Beauty,3,25,75,31-40
2023-02-12,714,CUST714,F,18,Clothing,1,500,500,<20
2023-11-26,715,CUST715,F,42,Beauty,4,25,100,41-50
2023-08-08,716,CUST716,F,60,Clothing,4,300,1200,51-60
2023-03-11,717,CUST717,M,57,Clothing,1,500,500,51-60
2023-08-25,718,CUST718,F,59,Beauty,3,25,75,51-60
2023-04-04,719,CUST719,F,42,Clothing,2,30,60,41-50
2023-01-26,720,CUST720,F,56,Beauty,3,500,1500,51-60
2023-05-14,721,CUST721,F,52,Clothing,1,500,500,51-60
2023-07-14,722,CUST722,M,20,Beauty,3,300,900,<20
2023-06-17,723,CUST723,F,54,Beauty,4,50,200,51-60
2023-04-19,724,CUST724,M,61,Clothing,3,50,150,60+
2023-08-21,725,CUST725,M,61,Electronics,1,300,300,60+
2023-06-17,726,CUST726,M,47,Clothing,4,300,1200,41-50
2023-06-22,727,CUST727,M,55,Beauty,3,300,900,51-60
2023-07-14,728,CUST728,M,51,Electronics,3,50,150,51-60
2023-05-23,729,CUST729,M,29,Clothing,4,300,1200,21-30
2023-08-04,730,CUST730,F,36,Clothing,2,25,50,31-40
2023-05-10,731,CUST731,M,54,Clothing,4,500,2000,51-60
2023-02-11,732,CUST732,M,61,Electronics,2,500,1000,60+
2023-08-29,733,CUST733,M,34,Beauty,1,30,30,31-40
2023-01-10,734,CUST734,F,27,Clothing,1,30,30,21-30
2023-10-04,735,CUST735,F,64,Clothing,4,500,2000,60+
2023-01-27,736,CUST736,M,29,Clothing,4,25,100,21-30
2023-06-29,737,CUST737,F,33,Clothing,1,50,50,31-40
2023-04-25,738,CUST738,M,41,Clothing,2,50,100,41-50
2023-11-29,739,CUST739,M,36,Beauty,1,25,25,31-40
2023-02-05,740,CUST740,F,25,Beauty,4,50,200,21-30
2023-11-30,741,CUST741,M,48,Clothing,1,300,300,41-50
2023-01-21,742,CUST742,F,38,Electronics,4,500,2000,31-40
2023-01-16,743,CUST743,F,34,Beauty,4,500,2000,31-40
2023-05-07,744,CUST744,M,40,Electronics,1,25,25,31-40
2023-04-13,745,CUST745,M,54,Beauty,2,50,100,51-60
2023-01-11,746,CUST746,F,33,Clothing,3,30,90,31-40
2023-11-15,747,CUST747,M,23,Beauty,1,30,30,21-30
2023-03-20,748,CUST748,M,25,Clothing,3,50,150,21-30
2023-05-03,749,CUST749,M,42,Beauty,1,30,30,41-50
2023-03-06,750,CUST750,F,35,Clothing,3,25,75,31-40
2023-08-31,751,CUST751,F,42,Clothing,2,25,50,41-50
2023-12-09,752,CUST752,M,29,Clothing,2,50,100,21-30
2023-02-28,753,CUST753,F,32,Clothing,1,30,30,31-40
2023-10-16,754,CUST754,F,43,Electronics,4,25,100,41-50
2023-04-22,755,CUST755,F,58,Clothing,3,25,75,51-60
2023-08-27,756,CUST756,F,62,Electronics,4,300,1200,60+
2023-12-25,757,CUST757,F,43,Electronics,4,300,1200,41-50
2023-05-12,758,CUST758,M,64,Clothing,4,25,100,60+
2023-07-08,759,CUST759,M,49,Electronics,2,50,100,41-50
2023-03-27,760,CUST760,M,27,Beauty,1,500,500,21-30
2023-11-07,761,CUST761,F,33,Clothing,1,500,500,31-40
2023-11-07,762,CUST762,F,24,Electronics,2,25,50,21-30
2023-02-28,763,CUST763,M,34,Clothing,2,25,50,31-40
2023-03-25,764,CUST764,F,40,Clothing,1,25,25,31-40
2023-06-09,765,CUST765,M,43,Clothing,4,50,200,41-50
2023-02-25,766,CUST766,M,38,Electronics,3,300,900,31-40
2023-10-24,767,CUST767,M,39,Beauty,3,25,75,31-40
2023-01-14,768,CUST768,F,24,Beauty,3,25,75,21-30
2023-06-09,769,CUST769,F,31,Electronics,4,30,120,31-40
2023-10-22,770,CUST770,M,32,Clothing,1,50,50,31-40
2023-12-13,771,CUST771,M,24,Electronics,2,25,50,21-30
2023-07-12,772,CUST772,M,26,Electronics,1,30,30,21-30
2023-07-23,773,CUST773,M,25,Electronics,4,500,2000,21-30
2023-04-12,774,CUST774,F,40,Clothing,2,25,50,31-40
2023-02-08,775,CUST775,F,46,Electronics,4,25,100,41-50
2023-10-31,776,CUST776,M,35,Clothing,3,30,90,31-40
2023-12-20,777,CUST777,M,48,Electronics,3,50,150,41-50
2023-11-18,778,CUST778,F,47,Beauty,4,25,100,41-50
2023-05-05,779,CUST779,F,56,Electronics,2,500,1000,51-60
2023-02-22,780,CUST780,M,52,Electronics,2,25,50,51-60
2023-12-23,781,CUST781,M,35,Beauty,1,500,500,31-40
2023-06-04,782,CUST782,M,59,Clothing,3,300,900,51-60
2023-12-17,783,CUST783,F,56,Clothing,1,300,300,51-60
2023-11-04,784,CUST784,F,34,Electronics,1,500,500,31-40
2023-03-03,785,CUST785,F,31,Beauty,4,50,200,31-40
2023-10-17,786,CUST786,M,48,Clothing,4,25,100,41-50
2023-01-22,787,CUST787,M,41,Electronics,1,25,25,41-50
2023-06-27,788,CUST788,F,52,Beauty,3,300,900,51-60
2023-09-30,789,CUST789,F,61,Clothing,4,500,2000,60+
2023-08-08,790,CUST790,M,62,Clothing,1,25,25,60+
2023-12-05,791,CUST791,F,51,Beauty,1,25,25,51-60
2023-07-09,792,CUST792,F,20,Beauty,1,50,50,<20
2023-02-05,793,CUST793,M,54,Beauty,1,30,30,51-60
2023-09-17,794,CUST794,F,60,Beauty,1,300,300,51-60
2023-11-28,795,CUST795,M,57,Electronics,1,300,300,51-60
2023-06-24,796,CUST796,M,43,Beauty,4,30,120,41-50
2023-01-07,797,CUST797,M,40,Clothing,3,25,75,31-40
2023-08-04,798,CUST798,M,61,Clothing,1,50,50,60+
2023-09-08,799,CUST799,M,56,Electronics,2,50,100,51-60
2023-02-24,800,CUST800,M,32,Clothing,4,300,1200,31-40
2023-08-10,801,CUST801,M,21,Clothing,4,50,200,21-30
2023-07-05,802,CUST802,F,46,Beauty,1,30,30,41-50
2023-11-22,803,CUST803,M,39,Clothing,4,25,100,31-40
2023-08-24,804,CUST804,M,42,Electronics,1,30,30,41-50
2023-12-29,805,CUST805,F,30,Beauty,3,500,1500,21-30
2023-03-20,806,CUST806,F,35,Beauty,3,300,900,31-40
2023-08-11,807,CUST807,F,50,Electronics,4,50,200,41-50
2023-04-01,808,CUST808,M,33,Beauty,4,500,2000,31-40
2023-09-25,809,CUST809,F,62,Beauty,2,50,100,60+
2023-11-30,810,CUST810,M,59,Electronics,4,25,100,51-60
2023-05-19,811,CUST811,M,61,Beauty,2,25,50,60+
2023-11-12,812,CUST812,M,19,Electronics,3,25,75,<20
2023-10-03,813,CUST813,M,52,Electronics,3,50,150,51-60
2023-09-05,814,CUST814,F,59,Clothing,1,500,500,51-60
2023-08-27,815,CUST815,F,51,Clothing,3,25,75,51-60
2023-08-12,816,CUST816,M,47,Beauty,2,500,1000,41-50
2023-10-31,817,CUST817,M,30,Beauty,4,50,200,21-30
2023-05-18,818,CUST818,M,30,Electronics,1,500,500,21-30
2023-06-15,819,CUST819,F,35,Beauty,2,50,100,31-40
2023-05-06,820,CUST820,M,49,Electronics,4,50,200,41-50
2023-02-14,821,CUST821,M,49,Electronics,1,300,300,41-50
2023-05-23,822,CUST822,F,52,Beauty,3,50,150,51-60
2023-08-19,823,CUST823,F,56,Electronics,2,50,100,51-60
2023-05-05,824,CUST824,M,63,Clothing,4,30,120,60+
2023-08-26,825,CUST825,F,46,Beauty,1,25,25,41-50
2023-10-19,826,CUST826,F,46,Clothing,1,300,300,41-50
2023-11-09,827,CUST827,M,61,Beauty,3,300,900,60+
2023-12-09,828,CUST828,F,33,Electronics,4,300,1200,31-40
2023-07-14,829,CUST829,M,61,Beauty,3,30,90,60+
2023-06-22,830,CUST830,F,64,Clothing,3,50,150,60+
2023-01-15,831,CUST831,M,27,Electronics,4,25,100,21-30
2023-09-11,832,CUST832,M,47,Beauty,4,500,2000,41-50
2023-06-16,833,CUST833,M,42,Beauty,4,50,200,41-50
2023-04-04,834,CUST834,F,56,Beauty,2,30,60,51-60
2023-09-07,835,CUST835,M,37,Clothing,4,50,200,31-40
2023-04-19,836,CUST836,F,22,Clothing,1,50,50,21-30
2023-07-01,837,CUST837,M,18,Beauty,3,30,90,<20
2023-05-13,838,CUST838,M,47,Electronics,2,300,600,41-50
2023-06-24,839,CUST839,F,20,Electronics,4,300,1200,<20
2023-05-24,840,CUST840,M,62,Clothing,2,25,50,60+
2023-11-02,841,CUST841,M,31,Electronics,4,25,100,31-40
2023-12-26,842,CUST842,F,47,Clothing,2,300,600,41-50
2023-05-22,843,CUST843,M,21,Beauty,3,500,1500,21-30
2023-10-12,844,CUST844,M,35,Clothing,3,50,150,31-40
2023-01-06,845,CUST845,M,54,Clothing,1,500,500,51-60
2023-09-22,846,CUST846,M,42,Beauty,1,50,50,41-50
2023-04-08,847,CUST847,F,18,Electronics,4,300,1200,<20
2023-02-13,848,CUST848,F,63,Clothing,3,25,75,60+
2023-05-04,849,CUST849,M,32,Clothing,2,25,50,31-40
2023-07-28,850,CUST850,F,26,Beauty,2,500,1000,21-30
2023-09-08,851,CUST851,M,32,Electronics,2,25,50,31-40
2023-10-12,852,CUST852,F,41,Clothing,1,300,300,41-50
2023-05-04,853,CUST853,M,21,Beauty,2,500,1000,21-30
2023-12-20,854,CUST854,M,29,Clothing,1,50,50,21-30
2023-09-01,855,CUST855,M,54,Beauty,1,25,25,51-60
2023-11-27,856,CUST856,M,54,Electronics,4,30,120,51-60
2023-12-31,857,CUST857,M,60,Electronics,2,25,50,51-60
2023-09-09,858,CUST858,M,23,Electronics,2,50,100,21-30
2023-08-18,859,CUST859,F,56,Electronics,3,500,1500,51-60
2023-01-09,860,CUST860,M,63,Clothing,4,50,200,60+
2023-02-17,861,CUST861,F,41,Clothing,3,30,90,41-50
2023-05-31,862,CUST862,M,28,Electronics,4,300,1200,21-30
2023-04-24,863,CUST863,F,30,Electronics,2,25,50,21-30
2023-07-27,864,CUST864,F,51,Electronics,1,500,500,51-60
2023-12-21,865,CUST865,F,42,Clothing,1,300,300,41-50
2023-05-05,866,CUST866,M,24,Electronics,1,50,50,21-30
2023-06-06,867,CUST867,M,21,Electronics,1,500,500,21-30
2023-12-06,868,CUST868,F,25,Electronics,1,300,300,21-30
2023-10-25,869,CUST869,M,37,Beauty,3,500,1500,31-40
2023-07-08,870,CUST870,F,46,Electronics,4,30,120,41-50
2023-08-31,871,CUST871,M,62,Beauty,2,30,60,60+
2023-10-11,872,CUST872,F,63,Beauty,3,25,75,60+
2023-09-29,873,CUST873,F,27,Electronics,4,25,100,21-30
2023-06-26,874,CUST874,M,60,Beauty,1,30,30,51-60
2023-08-06,875,CUST875,F,51,Electronics,4,500,2000,51-60
2023-10-09,876,CUST876,M,43,Clothing,4,30,120,41-50
2023-06-19,877,CUST877,F,58,Clothing,1,25,25,51-60
2023-06-30,878,CUST878,F,20,Clothing,1,30,30,<20
2023-12-26,879,CUST879,M,23,Clothing,1,30,30,21-30
2023-08-21,880,CUST880,M,22,Beauty,2,500,1000,21-30
2023-05-19,881,CUST881,M,22,Electronics,1,300,300,21-30
2023-06-06,882,CUST882,F,64,Electronics,2,25,50,60+
2023-05-09,883,CUST883,M,40,Electronics,1,500,500,31-40
2023-04-29,884,CUST884,F,26,Clothing,2,30,60,21-30
2023-03-03,885,CUST885,F,52,Clothing,4,30,120,51-60
2023-04-09,886,CUST886,M,37,Electronics,3,300,900,31-40
2023-06-11,887,CUST887,M,59,Clothing,4,25,100,51-60
2023-03-03,888,CUST888,F,52,Electronics,4,25,100,51-60
2023-10-02,889,CUST889,F,35,Electronics,1,50,50,31-40
2023-12-20,890,CUST890,M,34,Electronics,2,25,50,31-40
2023-04-05,891,CUST891,M,41,Electronics,3,300,900,41-50
2023-04-09,892,CUST892,M,20,Electronics,1,50,50,<20
2023-04-21,893,CUST893,M,49,Electronics,1,50,50,41-50
2023-09-05,894,CUST894,M,52,Electronics,1,30,30,51-60
2023-05-22,895,CUST895,F,55,Clothing,4,30,120,51-60
2023-10-29,896,CUST896,F,30,Electronics,2,25,50,21-30
2023-09-26,897,CUST897,F,64,Electronics,2,50,100,60+
2023-11-02,898,CUST898,F,42,Clothing,3,30,90,41-50
2023-05-25,899,CUST899,M,26,Clothing,2,300,600,21-30
2023-02-21,900,CUST900,M,21,Clothing,2,30,60,21-30
2023-04-10,901,CUST901,M,31,Electronics,1,30,30,31-40
2023-06-01,902,CUST902,F,54,Beauty,1,50,50,51-60
2023-04-27,903,CUST903,F,51,Beauty,4,50,200,51-60
2023-07-04,904,CUST904,M,28,Clothing,1,500,500,21-30
2023-04-02,905,CUST905,M,58,Beauty,1,300,300,51-60
2023-06-04,906,CUST906,F,20,Clothing,1,50,50,<20
2023-01-08,907,CUST907,F,45,Electronics,1,25,25,41-50
2023-12-29,908,CUST908,M,46,Beauty,4,300,1200,41-50
2023-10-01,909,CUST909,M,26,Electronics,1,300,300,21-30
2023-03-06,910,CUST910,F,20,Beauty,3,50,150,<20
2023-05-21,911,CUST911,M,42,Electronics,3,300,900,41-50
2023-01-24,912,CUST912,M,51,Beauty,3,50,150,51-60
2023-01-28,913,CUST913,M,29,Electronics,3,30,90,21-30
2023-10-11,914,CUST914,F,59,Electronics,1,500,500,51-60
2023-05-30,915,CUST915,F,26,Beauty,3,30,90,21-30
2023-12-24,916,CUST916,F,32,Electronics,1,50,50,31-40
2023-03-06,917,CUST917,F,57,Electronics,4,50,200,51-60
2023-11-23,918,CUST918,F,42,Electronics,3,30,90,41-50
2023-09-09,919,CUST919,F,22,Beauty,2,25,50,21-30
2023-02-22,920,CUST920,F,28,Beauty,3,25,75,21-30
2023-01-07,921,CUST921,M,51,Electronics,3,25,75,51-60
2023-10-21,922,CUST922,M,41,Electronics,1,50,50,41-50
2023-05-26,923,CUST923,M,32,Beauty,3,300,900,31-40
2023-08-29,924,CUST924,M,55,Beauty,2,50,100,51-60
2023-09-03,925,CUST925,M,25,Electronics,1,300,300,21-30
2023-08-14,926,CUST926,M,22,Electronics,1,30,30,21-30
2023-06-24,927,CUST927,M,43,Electronics,4,500,2000,41-50
2023-04-05,928,CUST928,F,35,Clothing,4,300,1200,31-40
2023-01-27,929,CUST929,F,23,Beauty,3,25,75,21-30
2023-05-10,930,CUST930,M,54,Clothing,4,50,200,51-60
2023-09-02,931,CUST931,M,30,Beauty,4,30,120,21-30
2023-02-28,932,CUST932,F,45,Beauty,4,25,100,41-50
2023-02-03,933,CUST933,M,22,Beauty,1,30,30,21-30
2023-07-25,934,CUST934,M,30,Beauty,1,500,500,21-30
2023-09-09,935,CUST935,F,34,Beauty,1,50,50,31-40
2023-02-07,936,CUST936,M,57,Beauty,4,50,200,51-60
2023-10-23,937,CUST937,F,62,Beauty,1,500,500,60+
2023-11-19,938,CUST938,M,49,Clothing,4,50,200,41-50
2023-12-18,939,CUST939,F,46,Electronics,1,300,300,41-50
2023-01-28,940,CUST940,F,20,Electronics,1,30,30,<20
2023-03-19,941,CUST941,F,57,Clothing,2,25,50,51-60
2023-03-18,942,CUST942,M,51,Clothing,3,500,1500,51-60
2023-10-16,943,CUST943,F,57,Clothing,4,300,1200,51-60
2023-06-05,944,CUST944,M,44,Clothing,2,25,50,41-50
2023-02-13,945,CUST945,M,30,Beauty,1,25,25,21-30
2023-05-08,946,CUST946,M,62,Electronics,4,500,2000,60+
2023-03-02,947,CUST947,M,50,Beauty,1,300,300,41-50
2023-10-13,948,CUST948,F,23,Electronics,3,25,75,21-30
2023-08-02,949,CUST949,F,41,Electronics,2,25,50,41-50
2023-11-07,950,CUST950,M,36,Clothing,3,300,900,31-40
2023-11-02,951,CUST951,M,33,Beauty,2,50,100,31-40
2023-11-13,952,CUST952,F,57,Clothing,1,25,25,51-60
2023-04-26,953,CUST953,M,45,Beauty,3,30,90,41-50
2023-09-25,954,CUST954,F,50,Electronics,3,300,900,41-50
2023-07-14,955,CUST955,M,58,Clothing,1,25,25,51-60
2023-08-19,956,CUST956,M,30,Clothing,3,500,1500,21-30
2023-08-15,957,CUST957,F,60,Electronics,4,30,120,51-60
2023-06-02,958,CUST958,M,62,Electronics,2,25,50,60+
2023-10-29,959,CUST959,F,42,Electronics,2,30,60,41-50
2023-08-08,960,CUST960,M,59,Clothing,2,30,60,51-60
2023-06-06,961,CUST961,M,53,Beauty,4,50,200,51-60
2023-10-19,962,CUST962,M,44,Clothing,2,30,60,41-50
2023-11-14,963,CUST963,F,55,Beauty,1,50,50,51-60
2023-01-31,964,CUST964,M,24,Clothing,3,300,900,21-30
2023-11-09,965,CUST965,M,22,Clothing,4,50,200,21-30
2023-02-20,966,CUST966,M,60,Electronics,2,500,1000,51-60
2023-04-17,967,CUST967,M,62,Beauty,1,25,25,60+
2023-11-17,968,CUST968,F,48,Clothing,3,300,900,41-50
2023-04-19,969,CUST969,F,40,Clothing,3,300,900,31-40
2023-05-16,970,CUST970,M,59,Electronics,4,500,2000,51-60
2023-12-05,971,CUST971,F,27,Electronics,4,50,200,21-30
2023-02-11,972,CUST972,M,49,Beauty,4,25,100,41-50
2023-03-22,973,CUST973,M,60,Clothing,1,50,50,51-60
2023-05-03,974,CUST974,M,47,Beauty,1,30,30,41-50
2023-03-30,975,CUST975,F,56,Clothing,4,50,200,51-60
2023-10-10,976,CUST976,F,48,Beauty,2,300,600,41-50
2023-02-08,977,CUST977,F,35,Electronics,3,25,75,31-40
2023-03-22,978,CUST978,F,53,Clothing,3,50,150,51-60
2023-01-02,979,CUST979,F,19,Beauty,1,25,25,<20
2023-07-29,980,CUST980,F,31,Electronics,3,25,75,31-40
2023-08-19,981,CUST981,F,30,Electronics,2,30,60,21-30
2023-12-19,982,CUST982,F,46,Beauty,3,30,90,41-50
2023-11-01,983,CUST983,F,29,Clothing,1,300,300,21-30
2023-08-29,984,CUST984,M,56,Clothing,1,500,500,51-60
2023-05-30,985,CUST985,F,19,Electronics,2,25,50,<20
2023-01-17,986,CUST986,F,49,Clothing,2,500,1000,41-50
2023-04-29,987,CUST987,F,30,Clothing,3,300,900,21-30
2023-05-28,988,CUST988,F,63,Clothing,3,25,75,60+
2023-12-28,989,CUST989,F,44,Electronics,1,25,25,41-50
2023-05-25,990,CUST990,F,58,Beauty,2,500,1000,51-60
2023-12-26,991,CUST991,F,34,Clothing,2,50,100,31-40
2023-08-21,992,CUST992,F,57,Electronics,2,30,60,51-60
2023-02-06,993,CUST993,F,48,Electronics,3,50,150,41-50
2023-12-18,994,CUST994,F,51,Beauty,2,500,1000,51-60
2023-04-30,995,CUST995,F,41,Clothing,1,30,30,41-50
2023-05-16,996,CUST996,M,62,Clothing,1,50,50,60+
2023-11-17,997,CUST997,M,52,Beauty,3,30,90,51-60
2023-10-29,998,CUST998,F,23,Beauty,4,25,100,21-30
2023-12-05,999,CUST999,F,36,Electronics,3,50,150,31-40
2023-04-12,1000,CUST1000,M,47,Electronics,4,30,120,41-50
